{
  "volatile_acidity": [
    [
      0.10425
    ],
    [
      0.155,
      0.205,
      0.255
    ],
    [
      0.305,
      0.355,
      0.405,
      0.4549999999999999,
      0.505,
      0.5549999999999999,
      0.605,
      0.655,
      0.7050000000000001,
      0.755,
      0.8049999999999999
    ],
    [
      0.855,
      0.905,
      0.955
    ],
    [
      1.005,
      1.0550000000000002,
      1.105,
      1.1549999999999998,
      1.205,
      1.255,
      1.3050000000000002,
      1.355,
      1.4049999999999998,
      1.455,
      1.505,
      1.5550000000000002
    ]
  ],
  "citric_acid": [
    [
      0.02682,
      0.08315
    ],
    [
      0.1385,
      0.1935,
      0.249,
      0.3045,
      0.3595,
      0.415
    ],
    [
      0.4705,
      0.5255000000000001,
      0.581,
      0.6365000000000001,
      0.6915,
      0.747,
      0.8025,
      0.8574999999999999,
      0.913,
      0.9685,
      1.0235,
      1.079,
      1.1345
    ],
    [
      1.1895,
      1.245
    ],
    [
      1.3005,
      1.3555,
      1.411,
      1.4665,
      1.5215,
      1.577,
      1.6324999999999998
    ]
  ],
  "residual_sugar": [
    [
      1.654,
      3.86,
      6.0335,
      8.2065,
      10.38,
      12.5535
    ],
    [
      14.7265,
      16.9,
      19.0735,
      21.246499999999997,
      23.42,
      25.5935,
      27.7665,
      29.94,
      32.1135,
      34.286500000000004,
      36.459999999999994,
      38.6335
    ],
    [
      40.8065,
      42.98,
      45.1535,
      47.3265
    ],
    [
      49.5,
      51.6735,
      53.8465,
      56.02
    ],
    [
      58.1935,
      60.3665,
      62.540000000000006,
      64.7135
    ]
  ],
  "chlorides": [
    [
      0.01875,
      0.0390999999999999,
      0.0591499999999999,
      0.07925
    ],
    [
      0.09915
    ],
    [
      0.119,
      0.139,
      0.1595,
      0.18,
      0.2,
      0.22
    ],
    [
      0.24,
      0.26,
      0.28,
      0.3,
      0.32,
      0.3399999999999999,
      0.36,
      0.38,
      0.4,
      0.42,
      0.44
    ],
    [
      0.4605,
      0.481,
      0.501,
      0.521,
      0.541,
      0.5609999999999999,
      0.581,
      0.601
    ]
  ],
  "free_sulfur_dioxide": [
    [
      5.656,
      15.4,
      25.0,
      34.6,
      44.2,
      53.8
    ],
    [
      63.400000000000006
    ],
    [
      73.0,
      82.6
    ],
    [
      92.2,
      101.8,
      111.4,
      121.0,
      130.6,
      140.2,
      149.8,
      159.39999999999998,
      169.0,
      178.60000000000002
    ],
    [
      188.2,
      197.8,
      207.4,
      217.0,
      226.6,
      236.2,
      245.8,
      255.4,
      265.0,
      274.6,
      284.2
    ]
  ],
  "total_sulfur_dioxide": [
    [
      13.0165,
      27.7,
      42.1665,
      56.6335,
      71.1,
      85.56649999999999,
      100.0335,
      114.5
    ],
    [
      128.9665
    ],
    [
      143.43349999999998,
      157.9,
      172.3665,
      186.8335
    ],
    [
      201.3,
      215.7665,
      230.2335,
      244.7,
      259.1665,
      273.6335,
      288.1,
      302.5665,
      317.0335,
      331.5,
      345.9665,
      360.4335,
      374.9,
      389.3665
    ],
    [
      403.8335,
      418.3,
      432.7665
    ]
  ],
  "density": [
    [
      0.988,
      0.99,
      0.9915
    ],
    [
      0.993,
      0.995
    ],
    [
      0.9965,
      0.998,
      1.0,
      1.0019999999999998,
      1.0034999999999998,
      1.005,
      1.007,
      1.009,
      1.0105,
      1.012,
      1.0139999999999998,
      1.016,
      1.0175
    ],
    [
      1.019,
      1.021,
      1.0225,
      1.024
    ],
    [
      1.0259999999999998,
      1.028,
      1.0295,
      1.031,
      1.033,
      1.035,
      1.0365,
      1.0379999999999998
    ]
  ],
  "pH": [
    [
      2.7409999999999997,
      2.7845,
      2.8275
    ],
    [
      2.8705,
      2.9135,
      2.9565
    ],
    [
      2.9995000000000003,
      3.0425,
      3.0855,
      3.1285
    ],
    [
      3.1715,
      3.2145,
      3.2575000000000003,
      3.3005,
      3.3435,
      3.3865,
      3.4295,
      3.4725,
      3.5155000000000003
    ],
    [
      3.5585,
      3.6015,
      3.6445,
      3.6875,
      3.7305,
      3.7735,
      3.8165,
      3.8595,
      3.9025,
      3.9455,
      3.9885
    ]
  ],
  "sulphates": [
    [
      0.2485,
      0.309,
      0.3685,
      0.4275,
      0.487,
      0.5465,
      0.6054999999999999,
      0.665,
      0.7244999999999999,
      0.7835,
      0.843
    ],
    [
      0.9025,
      0.9615,
      1.021,
      1.0805,
      1.1395,
      1.199
    ],
    [
      1.2585000000000002
    ],
    [
      1.3175,
      1.377,
      1.4365,
      1.4954999999999998
    ],
    [
      1.555,
      1.6145,
      1.6735,
      1.733,
      1.7925,
      1.8515,
      1.911,
      1.9705
    ]
  ],
  "alcohol": [
    [
      8.1115,
      8.345,
      8.575,
      8.805
    ],
    [
      9.035,
      9.265,
      9.495,
      9.725,
      9.955,
      10.185,
      10.415
    ],
    [
      10.645,
      10.875,
      11.105
    ],
    [
      11.335,
      11.565,
      11.795,
      12.025,
      12.255,
      12.485,
      12.715,
      12.945,
      13.175
    ],
    [
      13.405,
      13.635,
      13.865,
      14.095,
      14.325,
      14.555,
      14.785
    ]
  ]
}